{"init_params": {"cat_dims": [], "cat_emb_dim": [], "cat_idxs": [], "clip_value": 1, "device_name": "auto", "epsilon": 1e-15, "gamma": 1.5, "grouped_features": [], "input_dim": 768, "lambda_sparse": 0.0001, "mask_type": "entmax", "momentum": 0.02, "n_a": 8, "n_d": 8, "n_indep_decoder": 1, "n_independent": 2, "n_shared": 2, "n_shared_decoder": 1, "n_steps": 3, "optimizer_params": {"lr": 0.02}, "output_dim": 4, "scheduler_params": {"step_size": 20, "gamma": 0.95}, "seed": 0, "verbose": 10}, "class_attrs": {"preds_mapper": {"0": 0, "1": 1, "2": 2, "3": 3}}}